userId,train_rating_count,segment
1,162,power
2,20,warm
3,27,warm
4,151,power
5,31,warm
6,220,power
7,1,cold
8,33,warm
9,32,warm
10,98,power
11,45,warm
12,22,warm
13,22,warm
14,34,warm
15,94,power
16,69,power
17,74,power
18,351,power
19,492,power
20,169,power
21,4,cold
22,83,power
23,85,power
24,77,power
25,18,warm
26,15,warm
27,94,power
28,399,power
29,57,power
30,4,cold
31,4,cold
32,71,power
33,109,power
34,60,power
35,16,warm
36,42,warm
37,4,cold
38,55,power
39,70,power
40,72,power
41,4,cold
42,308,power
43,80,power
44,34,warm
45,279,power
46,29,warm
47,98,power
48,23,warm
49,15,warm
50,217,power
51,251,power
52,4,cold
53,14,warm
54,23,warm
55,18,warm
56,3,cold
57,333,power
58,78,power
59,75,power
60,15,warm
61,27,warm
62,2,cold
63,190,power
64,362,power
65,24,warm
66,241,power
67,25,warm
68,882,power
69,32,warm
70,43,warm
71,24,warm
72,4,cold
73,147,power
74,124,power
75,48,warm
76,83,power
77,20,warm
78,43,warm
79,45,warm
80,117,power
81,18,warm
82,159,power
83,83,power
84,1,cold
85,24,warm
86,49,warm
87,2,cold
88,39,warm
89,363,power
90,38,warm
91,402,power
92,1,cold
93,68,power
94,39,warm
95,118,power
96,55,power
97,3,cold
98,64,power
99,37,warm
100,104,power
101,2,cold
102,39,warm
103,264,power
104,191,power
105,505,power
106,23,warm
107,24,warm
108,53,power
109,89,power
110,36,warm
111,452,power
112,46,warm
113,105,power
114,22,warm
115,78,power
116,2,cold
117,2,cold
118,15,warm
119,150,power
120,15,warm
121,3,cold
122,204,power
123,39,warm
124,35,warm
125,4,cold
126,27,warm
127,15,warm
128,23,warm
129,98,power
130,20,warm
131,48,warm
132,3,cold
133,2,cold
134,24,warm
135,195,power
136,3,cold
137,99,power
138,15,warm
139,3,cold
140,426,power
141,3,cold
142,27,warm
143,50,power
144,90,power
145,2,cold
146,4,cold
147,14,warm
148,4,cold
149,41,warm
150,18,warm
151,41,warm
152,4,cold
153,2,cold
154,24,warm
155,32,warm
156,279,power
157,3,cold
158,18,warm
159,68,power
160,1,cold
161,27,warm
162,27,warm
163,16,warm
164,25,warm
165,46,warm
166,133,power
167,121,power
168,66,power
169,4,cold
170,35,warm
171,57,power
172,3,cold
173,18,warm
174,47,warm
175,17,warm
176,25,warm
177,1,cold
178,54,power
179,48,warm
180,17,warm
181,83,power
182,684,power
183,40,warm
184,94,power
185,3,cold
186,1,cold
187,181,power
188,34,warm
189,14,warm
190,46,warm
191,59,power
192,15,warm
193,24,warm
194,2,cold
195,131,power
196,22,warm
197,24,warm
198,161,power
199,254,power
200,234,power
201,77,power
202,282,power
203,31,warm
204,58,power
205,4,cold
206,18,warm
207,14,warm
208,18,warm
209,1,cold
210,97,power
211,62,power
212,174,power
213,59,power
214,4,cold
215,69,power
216,115,power
217,429,power
218,2,cold
219,370,power
220,145,power
221,232,power
222,175,power
223,52,power
224,38,warm
225,52,power
226,355,power
227,66,power
228,18,warm
229,46,warm
230,97,power
231,17,warm
232,3,cold
233,2,cold
234,141,power
235,46,warm
236,21,warm
237,2,cold
238,31,warm
239,195,power
240,90,power
241,53,power
242,24,warm
243,25,warm
244,65,power
245,15,warm
246,2,cold
247,105,power
248,36,warm
249,732,power
250,19,warm
251,16,warm
252,27,warm
253,33,warm
254,1,cold
255,31,warm
256,122,power
257,14,warm
258,18,warm
259,20,warm
260,106,power
261,37,warm
262,40,warm
263,147,power
264,39,warm
265,114,power
266,126,power
267,40,warm
268,90,power
269,20,warm
270,28,warm
271,30,warm
272,22,warm
273,38,warm
274,942,power
275,282,power
276,29,warm
277,20,warm
278,14,warm
279,123,power
280,137,power
281,1,cold
282,166,power
283,4,cold
284,62,power
285,25,warm
286,74,power
287,106,power
288,738,power
289,17,warm
290,187,power
291,22,warm
292,312,power
293,15,warm
294,2,cold
295,29,warm
296,19,warm
297,50,power
298,657,power
299,16,warm
300,3,cold
301,80,power
302,22,warm
303,2,cold
304,151,power
305,474,power
306,2,cold
307,682,power
308,2,cold
309,72,power
310,45,warm
311,2,cold
312,156,power
313,238,power
314,90,power
315,23,warm
316,37,warm
317,132,power
318,615,power
319,24,warm
320,1,cold
321,39,warm
322,75,power
323,69,power
324,15,warm
325,3,cold
326,4,cold
327,34,warm
328,178,power
329,16,warm
330,173,power
331,2,cold
332,2,cold
333,18,warm
334,108,power
335,20,warm
336,39,warm
337,4,cold
338,27,warm
339,260,power
340,20,warm
341,36,warm
342,46,warm
343,41,warm
344,2,cold
345,43,warm
346,115,power
347,31,warm
348,38,warm
349,26,warm
350,28,warm
351,99,power
352,206,power
353,63,power
354,158,power
355,3,cold
356,202,power
357,3,cold
358,2,cold
359,52,power
360,18,warm
361,68,power
362,76,power
363,21,warm
364,4,cold
365,194,power
366,22,warm
367,130,power
368,328,power
369,90,power
370,65,power
371,29,warm
372,165,power
373,70,power
374,23,warm
375,23,warm
376,93,power
377,92,power
378,34,warm
379,25,warm
380,853,power
381,332,power
382,204,power
383,24,warm
384,49,warm
385,141,power
386,48,warm
387,719,power
388,20,warm
389,24,warm
390,57,power
391,270,power
392,18,warm
393,86,power
394,16,warm
395,43,warm
396,20,warm
397,16,warm
398,32,warm
399,25,warm
400,30,warm
401,3,cold
402,34,warm
403,24,warm
404,42,warm
405,84,power
406,14,warm
407,3,cold
408,99,power
409,88,power
410,1,cold
411,89,power
412,71,power
413,39,warm
414,1889,power
415,66,power
416,36,warm
417,47,warm
418,1,cold
419,108,power
420,3,cold
421,26,warm
422,65,power
423,2,cold
424,97,power
425,214,power
426,62,power
427,59,power
428,210,power
429,41,warm
430,41,warm
431,14,warm
432,182,power
433,15,warm
434,163,power
435,29,warm
436,74,power
437,85,power
438,444,power
439,15,warm
440,1,cold
441,31,warm
442,14,warm
443,26,warm
444,29,warm
445,54,power
446,59,power
447,55,power
448,1305,power
449,27,warm
450,36,warm
451,24,warm
452,141,power
453,218,power
454,31,warm
455,2,cold
456,2,cold
457,35,warm
458,41,warm
459,18,warm
460,57,power
461,19,warm
462,318,power
463,2,cold
464,97,power
465,80,power
466,79,power
467,15,warm
468,23,warm
469,326,power
470,56,power
471,20,warm
472,20,warm
473,26,warm
474,1476,power
475,108,power
476,48,warm
477,2,cold
478,15,warm
479,1,cold
480,585,power
481,22,warm
482,90,power
483,510,power
484,192,power
485,16,warm
486,39,warm
487,39,warm
488,78,power
489,454,power
490,79,power
491,45,warm
492,85,power
493,43,warm
494,15,warm
495,186,power
496,2,cold
497,3,cold
498,24,warm
499,19,warm
500,3,cold
501,31,warm
502,24,warm
503,66,power
504,61,power
505,22,warm
506,29,warm
507,15,warm
508,17,warm
509,327,power
510,76,power
511,36,warm
512,35,warm
513,22,warm
514,278,power
515,18,warm
516,1,cold
517,280,power
518,17,warm
519,18,warm
520,130,power
521,28,warm
522,2,cold
523,52,power
524,92,power
525,350,power
526,41,warm
527,117,power
528,51,power
529,18,warm
530,19,warm
531,15,warm
532,35,warm
533,1,cold
534,1,cold
535,21,warm
536,28,warm
537,33,warm
538,26,warm
539,27,warm
540,29,warm
541,61,power
542,3,cold
543,1,cold
544,15,warm
545,16,warm
546,45,warm
547,15,warm
548,18,warm
549,15,warm
550,20,warm
551,86,power
552,132,power
553,58,power
554,62,power
555,405,power
556,22,warm
557,19,warm
558,39,warm
559,98,power
560,321,power
561,354,power
562,162,power
563,149,power
564,110,power
565,20,warm
566,52,power
567,270,power
568,16,warm
569,14,warm
570,134,power
571,78,power
572,108,power
573,209,power
574,16,warm
575,2,cold
576,14,warm
577,113,power
578,19,warm
579,51,power
580,305,power
581,28,warm
582,1,cold
583,39,warm
584,58,power
585,43,warm
586,146,power
587,115,power
588,39,warm
589,28,warm
590,510,power
591,1,cold
592,66,power
593,72,power
594,162,power
595,14,warm
596,288,power
597,4,cold
598,15,warm
599,1735,power
600,534,power
601,71,power
602,94,power
603,660,power
604,70,power
605,3,cold
606,780,power
607,131,power
608,582,power
609,3,cold
610,911,power
