userId,movieId,segment,train_rating_count,rating,pred__1_CF_SVDpp,pred__2_ContentBased,pred__3_StaticHybrid,g4,pred__4_LearnedGate,g6,pred__6_GAEvolvedGate,g7,used_fallback_7,pred__7_SequentialGate
294,1198,cold,2,4.0,4.197,1.0,3.685,0.766,3.449,0.827,3.644,0.84,True,3.685
575,2599,cold,2,4.0,3.751,1.159,3.336,0.663,2.878,0.668,2.891,0.84,True,3.336
294,1356,cold,2,4.0,3.627,1.0,3.207,0.793,3.084,0.85,3.234,0.84,True,3.207
3,70946,warm,27,5.0,2.383,4.442,2.713,0.776,2.845,0.644,3.115,0.368,False,3.685
9,1987,warm,32,2.0,3.372,2.0,3.152,0.588,2.807,0.727,2.997,0.331,False,2.454
236,1387,warm,21,5.0,4.447,3.05,4.224,0.819,4.194,0.848,4.235,0.84,True,4.224
594,7650,power,162,0.5,3.918,1.199,3.483,0.358,2.173,0.33,2.096,0.222,False,1.804
307,923,power,682,4.0,3.864,2.092,3.581,0.596,3.149,0.663,3.268,0.729,False,3.384
600,260,power,534,4.0,4.108,2.315,3.821,0.637,3.457,0.682,3.538,0.777,False,3.707
