segment,model_a,model_b,rmse_a,rmse_b,mean_diff,ci_lo,ci_hi,bootstrap_significant,wilcoxon_p,wilcoxon_significant,n
overall,1_CF_SVDpp,2_ContentBased,0.9008899897153759,1.0443902417264121,-0.1435055387303981,-0.1531493337306089,-0.1337572352541004,True,1.7150412563143636e-148,True,19618
overall,1_CF_SVDpp,3_StaticHybrid,0.9008899897153759,0.8938263800723245,0.00706056698448665,0.005435291720895603,0.008707839955037065,True,2.2575774565522137e-14,True,19618
overall,1_CF_SVDpp,4_LearnedGate,0.9008899897153759,0.8877439268644384,0.013158780116234031,0.010775627208270825,0.01550156362592367,True,1.0803829727451e-14,True,19618
overall,1_CF_SVDpp,5_BanditGate,0.9008899897153759,0.9112663855884459,-0.010380301305711269,-0.013938503005201127,-0.006843493989621198,True,0.24337808463285993,False,19618
overall,1_CF_SVDpp,6_GAEvolvedGate,0.9008899897153759,0.8887609795523572,0.01214337338117263,0.009811639841019959,0.01442580729844259,True,6.369406917495257e-14,True,19618
overall,1_CF_SVDpp,7_SequentialGate,0.9008899897153759,0.8893101121493928,0.011594982459673475,0.008870039181065962,0.014316704847654424,True,4.187729559438089e-08,True,19618
overall,2_ContentBased,3_StaticHybrid,1.0443902417264121,0.8938263800723245,0.15056610571488474,0.14220023971194287,0.1587327533034154,True,3.776789684678674e-219,True,19618
overall,2_ContentBased,4_LearnedGate,1.0443902417264121,0.8877439268644384,0.15666431884663212,0.1481695018754275,0.16532634710921487,True,6.404417550924109e-238,True,19618
overall,2_ContentBased,5_BanditGate,1.0443902417264121,0.9112663855884459,0.13312523742468682,0.12518346642509606,0.1408246474976859,True,5.581308123458079e-264,True,19618
overall,2_ContentBased,6_GAEvolvedGate,1.0443902417264121,0.8887609795523572,0.15564891211157073,0.1470594902048298,0.16421526033312195,True,1.005139120570607e-236,True,19618
overall,2_ContentBased,7_SequentialGate,1.0443902417264121,0.8893101121493928,0.15510052119007156,0.14729683229208426,0.16290747793056354,True,1.1912519308657398e-272,True,19618
overall,3_StaticHybrid,4_LearnedGate,0.8938263800723245,0.8877439268644384,0.006098213131747379,0.004510059263031597,0.007681027552367228,True,4.301024063781923e-05,True,19618
overall,3_StaticHybrid,5_BanditGate,0.8938263800723245,0.9112663855884459,-0.01744086829019792,-0.020148501267299064,-0.014723031629988493,True,0.0002016872946269619,True,19618
overall,3_StaticHybrid,6_GAEvolvedGate,0.8938263800723245,0.8887609795523572,0.00508280639668598,0.003571193768342193,0.00657284722996025,True,9.30232931453969e-09,True,19618
overall,3_StaticHybrid,7_SequentialGate,0.8938263800723245,0.8893101121493928,0.004534415475186824,0.002982656025786085,0.006021481087732153,True,0.0008082506762487346,True,19618
overall,4_LearnedGate,5_BanditGate,0.8877439268644384,0.9112663855884459,-0.023539081421945298,-0.02674070815192866,-0.020431536469125232,True,1.5751509928346337e-06,True,19618
overall,4_LearnedGate,6_GAEvolvedGate,0.8877439268644384,0.8887609795523572,-0.0010154067350614004,-0.0017394772680601493,-0.0002427353882634491,True,0.01622146887675232,True,19618
overall,4_LearnedGate,7_SequentialGate,0.8877439268644384,0.8893101121493928,-0.0015637976565605557,-0.002814240242299809,-0.00043379568603609333,True,0.00032672387642637143,True,19618
overall,5_BanditGate,6_GAEvolvedGate,0.9112663855884459,0.8887609795523572,0.0225236746868839,0.01963191853871485,0.025466207835516348,True,8.195930675678922e-11,True,19618
overall,5_BanditGate,7_SequentialGate,0.9112663855884459,0.8893101121493928,0.021975283765384743,0.019360783041683823,0.024693562541798792,True,3.702611628768833e-16,True,19618
overall,6_GAEvolvedGate,7_SequentialGate,0.8887609795523572,0.8893101121493928,-0.0005483909214991551,-0.0017742560410019036,0.0005603059741670885,False,0.5563536090225623,False,19618
cold,1_CF_SVDpp,2_ContentBased,0.9653225057818514,1.2686338249777882,-0.3033819704219326,-0.3250019566558573,-0.28204755718217817,True,3.746419981865247e-148,True,6434
cold,1_CF_SVDpp,3_StaticHybrid,0.9653225057818514,0.9655724374938508,-0.00026422081233134316,-0.004331843178995522,0.0036217183389885606,False,0.04191657621653372,True,6434
cold,1_CF_SVDpp,4_LearnedGate,0.9653225057818514,0.9595306607745043,0.005747235319007333,0.002402016864840331,0.009052864970767596,True,0.2366171867826642,False,6434
cold,1_CF_SVDpp,5_BanditGate,0.9653225057818514,1.0113568038834344,-0.04598324675668564,-0.053844618473997276,-0.03832779482565134,True,1.147193382123078e-16,True,6434
cold,1_CF_SVDpp,6_GAEvolvedGate,0.9653225057818514,0.9625128469114654,0.0027921590614827614,8.134424761489793e-05,0.005589683692858471,True,0.8837333550739147,False,6434
cold,1_CF_SVDpp,7_SequentialGate,0.9653225057818514,0.9655724392797684,-0.00026422260063337414,-0.004331845601851088,0.003621717161911433,False,0.04191657621653372,True,6434
cold,2_ContentBased,3_StaticHybrid,1.2686338249777882,0.9655724374938508,0.3031177496096012,0.28558393895913786,0.3213702674407741,True,9.423067683947346e-192,True,6434
cold,2_ContentBased,4_LearnedGate,1.2686338249777882,0.9595306607745043,0.3091292057409399,0.28978625597059143,0.3290824204432576,True,2.1311259517903802e-165,True,6434
cold,2_ContentBased,5_BanditGate,1.2686338249777882,1.0113568038834344,0.2573987236652469,0.24040991136110937,0.2752193441770026,True,5.594801132314193e-202,True,6434
cold,2_ContentBased,6_GAEvolvedGate,1.2686338249777882,0.9625128469114654,0.3061741294834153,0.28686813466482936,0.3264452752857802,True,2.966709679548919e-163,True,6434
cold,2_ContentBased,7_SequentialGate,1.2686338249777882,0.9655724392797684,0.3031177478212992,0.2855839377165234,0.32137026492334647,True,9.423067683947346e-192,True,6434
cold,3_StaticHybrid,4_LearnedGate,0.9655724374938508,0.9595306607745043,0.006011456131338676,0.0031194129760014427,0.008859643210401398,True,0.022940513965955665,True,6434
cold,3_StaticHybrid,5_BanditGate,0.9655724374938508,1.0113568038834344,-0.0457190259443543,-0.05175690171997927,-0.04009123176802073,True,2.892754353363745e-13,True,6434
cold,3_StaticHybrid,6_GAEvolvedGate,0.9655724374938508,0.9625128469114654,0.003056379873814105,0.0004637697845791158,0.0057814168679112266,True,0.0054276977147737085,True,6434
cold,3_StaticHybrid,7_SequentialGate,0.9655724374938508,0.9655724392797684,-1.7883020310138776e-09,-2.448221841921949e-09,-1.1577528463702082e-09,True,1.3328269012361505e-12,True,6434
cold,4_LearnedGate,5_BanditGate,0.9595306607745043,1.0113568038834344,-0.05173048207569297,-0.05944889764044558,-0.044316173049377384,True,1.0095841485927366e-12,True,6434
cold,4_LearnedGate,6_GAEvolvedGate,0.9595306607745043,0.9625128469114654,-0.0029550762575245716,-0.004481960460358472,-0.0015198125020353457,True,0.9682845778325471,False,6434
cold,4_LearnedGate,7_SequentialGate,0.9595306607745043,0.9655724392797684,-0.006011457919640707,-0.008859645530958447,-0.003119414361509715,True,0.022940513965955665,True,6434
cold,5_BanditGate,6_GAEvolvedGate,1.0113568038834344,0.9625128469114654,0.0487754058181684,0.04201443552662291,0.05586023232790252,True,5.887617752044162e-16,True,6434
cold,5_BanditGate,7_SequentialGate,1.0113568038834344,0.9655724392797684,0.045719024156052265,0.04009123000393231,0.05175689990674076,True,2.892754353363745e-13,True,6434
cold,6_GAEvolvedGate,7_SequentialGate,0.9625128469114654,0.9655724392797684,-0.003056381662116136,-0.005781419119458042,-0.0004637711634802485,True,0.0054276977147737085,True,6434
power,1_CF_SVDpp,2_ContentBased,0.8616757966134105,0.9081625938177037,-0.0465852679752293,-0.055709338104060424,-0.036998990625896774,True,6.968899125366097e-30,True,11682
power,1_CF_SVDpp,3_StaticHybrid,0.8616757966134105,0.8500230821248264,0.011639583312721954,0.010118411189265241,0.013177949634786718,True,3.2325794927147944e-31,True,11682
power,1_CF_SVDpp,4_LearnedGate,0.8616757966134105,0.8431090072776444,0.01854555392515191,0.015115728328384759,0.021953200299690945,True,3.792510546866752e-15,True,11682
power,1_CF_SVDpp,5_BanditGate,0.8616757966134105,0.8500871113171581,0.011553291402021425,0.007933432568652067,0.015243309766714619,True,5.290515237502682e-13,True,11682
power,1_CF_SVDpp,6_GAEvolvedGate,0.8616757966134105,0.8430946594445826,0.018546076859000827,0.015140771834198727,0.021926471116447778,True,1.2303700160525088e-16,True,11682
power,1_CF_SVDpp,7_SequentialGate,0.8616757966134105,0.8423129287862307,0.019325190825307946,0.015402368840435533,0.02322773054013384,True,1.0730815002614532e-15,True,11682
power,2_ContentBased,3_StaticHybrid,0.9081625938177037,0.8500230821248264,0.05822485128795126,0.05023036027412364,0.06604085414875682,True,6.5057715798892456e-55,True,11682
power,2_ContentBased,4_LearnedGate,0.9081625938177037,0.8431090072776444,0.06513082190038122,0.05867011010829645,0.07145063376779595,True,4.323203289491684e-87,True,11682
power,2_ContentBased,5_BanditGate,0.9081625938177037,0.8500871113171581,0.05813855937725074,0.05063004029058399,0.06572752918035213,True,2.224808472756774e-79,True,11682
power,2_ContentBased,6_GAEvolvedGate,0.9081625938177037,0.8430946594445826,0.06513134483423014,0.05878644529520662,0.07151433104738164,True,4.498032150649409e-86,True,11682
power,2_ContentBased,7_SequentialGate,0.9081625938177037,0.8423129287862307,0.06591045880053725,0.05955337340679938,0.07216884496417654,True,1.947539365562517e-95,True,11682
power,3_StaticHybrid,4_LearnedGate,0.8500230821248264,0.8431090072776444,0.006905970612429956,0.004796034163694965,0.009007689548453159,True,0.00023223345915942954,True,11682
power,3_StaticHybrid,5_BanditGate,0.8500230821248264,0.8500871113171581,-8.629191070052711e-05,-0.0028498614628740563,0.0027263703162753354,False,0.33131834940747085,False,11682
power,3_StaticHybrid,6_GAEvolvedGate,0.8500230821248264,0.8430946594445826,0.006906493546278872,0.00492141367363875,0.008921454265917787,True,2.6087774017139235e-07,True,11682
power,3_StaticHybrid,7_SequentialGate,0.8500230821248264,0.8423129287862307,0.007685607512585991,0.005064883714606394,0.010292410470941774,True,1.408452816220359e-07,True,11682
power,4_LearnedGate,5_BanditGate,0.8431090072776444,0.8500871113171581,-0.006992262523130483,-0.009553939798445118,-0.004432924286377854,True,0.37670068718635985,False,11682
power,4_LearnedGate,6_GAEvolvedGate,0.8431090072776444,0.8430946594445826,5.22933848914997e-07,-0.0007376097373270633,0.0007096860102873414,False,0.01766392179348902,True,11682
power,4_LearnedGate,7_SequentialGate,0.8431090072776444,0.8423129287862307,0.0007796369001560352,-0.000270852721053799,0.0018903511796712735,False,1.8916900296049843e-12,True,11682
power,5_BanditGate,6_GAEvolvedGate,0.8500871113171581,0.8430946594445826,0.0069927854569793975,0.004467126559882554,0.009559444123611644,True,0.019144936497405965,True,11682
power,5_BanditGate,7_SequentialGate,0.8500871113171581,0.8423129287862307,0.007771899423286518,0.005372230975064579,0.010201246041277503,True,1.2360614252792746e-07,True,11682
power,6_GAEvolvedGate,7_SequentialGate,0.8430946594445826,0.8423129287862307,0.0007791139663071203,-0.0003345824110221801,0.0018808825749098968,False,0.0005789509361939902,True,11682
warm,1_CF_SVDpp,2_ContentBased,0.9132856807842757,0.9683508559590707,-0.05553506638699408,-0.08236122095882767,-0.027285394925221453,True,2.1717231455805385e-06,True,1502
warm,1_CF_SVDpp,3_StaticHybrid,0.9132856807842757,0.906408205059823,0.006793354059691589,0.0024060375695297985,0.011345754935668199,True,0.030064787438526405,True,1502
warm,1_CF_SVDpp,4_LearnedGate,0.9132856807842757,0.9060415662964081,0.007166096900965366,0.002235604091382051,0.012324661670797257,True,0.01625197182709705,True,1502
warm,1_CF_SVDpp,5_BanditGate,0.9132856807842757,0.9187965403604101,-0.005530102609178495,-0.015286503875213337,0.005149811799406126,False,0.6163338848446911,False,1502
warm,1_CF_SVDpp,6_GAEvolvedGate,0.9132856807842757,0.9056187326535499,0.007565847945342023,0.0013352159002294438,0.013988303686839058,True,0.03582873541632851,True,1502
warm,1_CF_SVDpp,7_SequentialGate,0.9132856807842757,0.9043648609644487,0.008810632202140851,0.0003880702038102213,0.017885626576092,True,0.04934919032670837,True,1502
warm,2_ContentBased,3_StaticHybrid,0.9683508559590707,0.906408205059823,0.062328420446685656,0.03840879724498385,0.08528343218793703,True,2.792727512692331e-09,True,1502
warm,2_ContentBased,4_LearnedGate,0.9683508559590707,0.9060415662964081,0.06270116328795944,0.03851909624323883,0.08637642187374384,True,1.8860695058855437e-08,True,1502
warm,2_ContentBased,5_BanditGate,0.9683508559590707,0.9187965403604101,0.050004963777815575,0.027344908765444823,0.07217690194235613,True,1.3074231699499048e-10,True,1502
warm,2_ContentBased,6_GAEvolvedGate,0.9683508559590707,0.9056187326535499,0.06310091433233608,0.03988714866994897,0.08552112743843111,True,1.7811830710923e-09,True,1502
warm,2_ContentBased,7_SequentialGate,0.9683508559590707,0.9043648609644487,0.06434569858913491,0.04333602757424807,0.08535637656051093,True,6.374870360392188e-11,True,1502
warm,3_StaticHybrid,4_LearnedGate,0.906408205059823,0.9060415662964081,0.0003727428412737782,-0.0019613390918188133,0.002804997755676227,False,0.9862917465992183,False,1502
warm,3_StaticHybrid,5_BanditGate,0.906408205059823,0.9187965403604101,-0.012323456668870083,-0.0199139478289486,-0.004705253773261423,True,0.13304643811272737,False,1502
warm,3_StaticHybrid,6_GAEvolvedGate,0.906408205059823,0.9056187326535499,0.0007724938856504354,-0.002236136898470894,0.004068953241225172,False,0.2896293869818829,False,1502
warm,3_StaticHybrid,7_SequentialGate,0.906408205059823,0.9043648609644487,0.0020172781424492633,-0.0029469950219753118,0.007388613611319986,False,0.06032625648606302,False,1502
warm,4_LearnedGate,5_BanditGate,0.9060415662964081,0.9187965403604101,-0.012696199510143861,-0.020973725986667913,-0.0043058342854092055,True,0.40996253857492304,False,1502
warm,4_LearnedGate,6_GAEvolvedGate,0.9060415662964081,0.9056187326535499,0.0003997510443766572,-0.0020119612496602656,0.002887959618483186,False,0.6428481342810517,False,1502
warm,4_LearnedGate,7_SequentialGate,0.9060415662964081,0.9043648609644487,0.0016445353011754846,-0.002500576933069792,0.006376044558985934,False,0.15355498667045314,False,1502
warm,5_BanditGate,6_GAEvolvedGate,0.9187965403604101,0.9056187326535499,0.013095950554520518,0.005436592909932466,0.020746724659173068,True,0.052018622537268536,False,1502
warm,5_BanditGate,7_SequentialGate,0.9187965403604101,0.9043648609644487,0.014340734811319346,0.007372058332279065,0.021414883893657095,True,0.029038962150045994,True,1502
warm,6_GAEvolvedGate,7_SequentialGate,0.9056187326535499,0.9043648609644487,0.0012447842567988275,-0.002446267875373872,0.004932044928884332,False,0.8521993916812136,False,1502
